Archaea,Euryarchaeota,Methanobacteria,Methanobacteriales,Methanobacteriaceae,Methanobrevibacter
Bacteria,Acidobacteria,Acidobacteria_Gp1,Gp1,unclassified,
Bacteria,Acidobacteria,Acidobacteria_Gp10,Gp10,unclassified,
Bacteria,Acidobacteria,Acidobacteria_Gp16,Gp16,unclassified,
Bacteria,Acidobacteria,Acidobacteria_Gp3,Gp3,unclassified,
Bacteria,Acidobacteria,Acidobacteria_Gp4,Gp4,unclassified,
Bacteria,Acidobacteria,Acidobacteria_Gp6,Gp6,unclassified,
Bacteria,Acidobacteria,Acidobacteria_Gp7,Gp7,unclassified,
Bacteria,Acidobacteria,Holophagae,Holophagales,Holophagaceae,Geothrix
Bacteria,Acidobacteria,Holophagae,Holophagales,Holophagaceae,unclassified
Bacteria,Actinobacteria,Actinobacteria,Acidimicrobiales,Iamiaceae,Iamia
Bacteria,Actinobacteria,Actinobacteria,Acidimicrobiales,unclassified,
Bacteria,Actinobacteria,Actinobacteria,Acidimicrobidae_incertae_sedis,Ilumatobacter,unclassified
Bacteria,Actinobacteria,Actinobacteria,Actinomycetales,Actinomycetaceae,Actinobaculum
Bacteria,Actinobacteria,Actinobacteria,Actinomycetales,Actinomycetaceae,Actinomyces
Bacteria,Actinobacteria,Actinobacteria,Actinomycetales,Actinomycetaceae,Arcanobacterium
Bacteria,Actinobacteria,Actinobacteria,Actinomycetales,Actinomycetaceae,Mobiluncus
Bacteria,Actinobacteria,Actinobacteria,Actinomycetales,Actinomycetaceae,unclassified
Bacteria,Actinobacteria,Actinobacteria,Actinomycetales,Actinomycetaceae,Varibaculum
Bacteria,Actinobacteria,Actinobacteria,Actinomycetales,Beutenbergiaceae,unclassified
Bacteria,Actinobacteria,Actinobacteria,Actinomycetales,Bogoriellaceae,unclassified
Bacteria,Actinobacteria,Actinobacteria,Actinomycetales,Brevibacteriaceae,Brevibacterium
Bacteria,Actinobacteria,Actinobacteria,Actinomycetales,Cellulomonadaceae,Cellulomonas
Bacteria,Actinobacteria,Actinobacteria,Actinomycetales,Cellulomonadaceae,unclassified
Bacteria,Actinobacteria,Actinobacteria,Actinomycetales,Corynebacteriaceae,Corynebacterium
Bacteria,Actinobacteria,Actinobacteria,Actinomycetales,Corynebacteriaceae,Turicella
Bacteria,Actinobacteria,Actinobacteria,Actinomycetales,Corynebacteriaceae,unclassified
Bacteria,Actinobacteria,Actinobacteria,Actinomycetales,Cryptosporangiaceae,Cryptosporangium
Bacteria,Actinobacteria,Actinobacteria,Actinomycetales,Dermabacteraceae,Brachybacterium
Bacteria,Actinobacteria,Actinobacteria,Actinomycetales,Dermabacteraceae,Dermabacter
Bacteria,Actinobacteria,Actinobacteria,Actinomycetales,Dermabacteraceae,unclassified
Bacteria,Actinobacteria,Actinobacteria,Actinomycetales,Dermacoccaceae,Dermacoccus
Bacteria,Actinobacteria,Actinobacteria,Actinomycetales,Dermacoccaceae,Kytococcus
Bacteria,Actinobacteria,Actinobacteria,Actinomycetales,Dietziaceae,Dietzia
Bacteria,Actinobacteria,Actinobacteria,Actinomycetales,Geodermatophilaceae,Blastococcus
Bacteria,Actinobacteria,Actinobacteria ,Actinomycetales,Geodermatophilaceae,Geodermatophilus
Bacteria,Actinobacteria,Actinobacteria,Actinomycetales,Geodermatophilaceae,Modestobacter
Bacteria,Actinobacteria,Actinobacteria,Actinomycetales,Geodermatophilaceae,unclassified
Bacteria,Actinobacteria,Actinobacteria,Actinomycetales,Intrasporangiaceae,Arsenicicoccus
Bacteria,Actinobacteria,Actinobacteria,Actinomycetales,Intrasporangiaceae,Janibacter
Bacteria,Actinobacteria,Actinobacteria,Actinomycetales,Intrasporangiaceae,Knoellia
Bacteria,Actinobacteria,Actinobacteria,Actinomycetales,Intrasporangiaceae,Ornithinimicrobium
Bacteria,Actinobacteria,Actinobacteria,Actinomycetales,Intrasporangiaceae,Phycicoccus
Bacteria,Actinobacteria,Actinobacteria,Actinomycetales,Intrasporangiaceae,Terrabacter
Bacteria,Actinobacteria,Actinobacteria,Actinomycetales,Intrasporangiaceae,Terracoccus
Bacteria,Actinobacteria,Actinobacteria,Actinomycetales,Intrasporangiaceae,Tetrasphaera
Bacteria,Actinobacteria,Actinobacteria,Actinomycetales,Intrasporangiaceae,unclassified
Bacteria,Actinobacteria,Actinobacteria,Actinomycetales,Jonesiaceae,Jonesia
Bacteria,Actinobacteria,Actinobacteria,Actinomycetales,Kineosporiaceae,Kineococcus
Bacteria,Actinobacteria,Actinobacteria,Actinomycetales,Kineosporiaceae,Kineosporia
Bacteria,Actinobacteria,Actinobacteria,Actinomycetales,Kineosporiaceae,Quadrisphaera
Bacteria,Actinobacteria,Actinobacteria,Actinomycetales,Kineosporiaceae,unclassified
Bacteria,Actinobacteria,Actinobacteria,Actinomycetales,Microbacteriaceae,Agrococcus
Bacteria,Actinobacteria,Actinobacteria,Actinomycetales,Microbacteriaceae,Agromyces
Bacteria,Actinobacteria,Actinobacteria,Actinomycetales,Microbacteriaceae,Clavibacter
Bacteria,Actinobacteria,Actinobacteria,Actinomycetales,Microbacteriaceae,Curtobacterium
Bacteria,Actinobacteria,Actinobacteria,Actinomycetales,Microbacteriaceae,Frigoribacterium
Bacteria,Actinobacteria,Actinobacteria,Actinomycetales,Microbacteriaceae,Leifsonia
Bacteria,Actinobacteria,Actinobacteria,Actinomycetales,Microbacteriaceae,Leucobacter
Bacteria,Actinobacteria,Actinobacteria,Actinomycetales,Microbacteriaceae,Microbacterium
Bacteria,Actinobacteria,Actinobacteria,Actinomycetales,Microbacteriaceae,Mycetocola
Bacteria,Actinobacteria,Actinobacteria,Actinomycetales,Microbacteriaceae,Plantibacter
Bacteria,Actinobacteria,Actinobacteria,Actinomycetales,Microbacteriaceae,Rathayibacter
Bacteria,Actinobacteria,Actinobacteria,Actinomycetales,Microbacteriaceae,Salinibacterium
Bacteria,Actinobacteria,Actinobacteria,Actinomycetales,Microbacteriaceae,unclassified
Bacteria,Actinobacteria,Actinobacteria,Actinomycetales,Microbacteriaceae,Zimmermannella
Bacteria,Actinobacteria,Actinobacteria,Actinomycetales,Micrococcaceae,Arthrobacter
Bacteria,Actinobacteria,Actinobacteria,Actinomycetales,Micrococcaceae,Citricoccus
Bacteria,Actinobacteria,Actinobacteria,Actinomycetales,Micrococcaceae,Kocuria
Bacteria,Actinobacteria,Actinobacteria,Actinomycetales,Micrococcaceae,Micrococcus
Bacteria,Actinobacteria,Actinobacteria,Actinomycetales,Micrococcaceae,Nesterenkonia
Bacteria,Actinobacteria,Actinobacteria,Actinomycetales,Micrococcaceae,Renibacterium
Bacteria,Actinobacteria,Actinobacteria,Actinomycetales,Micrococcaceae,Rothia
Bacteria,Actinobacteria,Actinobacteria,Actinomycetales,Micrococcaceae,unclassified
Bacteria,Actinobacteria,Actinobacteria,Actinomycetales,Micromonosporaceae,Actinoplanes
Bacteria,Actinobacteria,Actinobacteria,Actinomycetales,Micromonosporaceae,Dactylosporangium
Bacteria,Actinobacteria,Actinobacteria,Actinomycetales,Micromonosporaceae,Micromonospora
Bacteria,Actinobacteria,Actinobacteria,Actinomycetales,Micromonosporaceae,unclassified
Bacteria,Actinobacteria,Actinobacteria,Actinomycetales,Mycobacteriaceae,Mycobacterium
Bacteria,Actinobacteria,Actinobacteria,Actinomycetales,Nakamurellaceae,Humicoccus
Bacteria,Actinobacteria,Actinobacteria,Actinomycetales,Nakamurellaceae,Nakamurella
Bacteria,Actinobacteria,Actinobacteria,Actinomycetales,Nakamurellaceae,unclassified
Bacteria,Actinobacteria,Actinobacteria,Actinomycetales,Nocardiaceae,Gordonia
Bacteria,Actinobacteria,Actinobacteria,Actinomycetales,Nocardiaceae,Nocardia
Bacteria,Actinobacteria,Actinobacteria,Actinomycetales,Nocardiaceae,Rhodococcus
Bacteria,Actinobacteria,Actinobacteria,Actinomycetales,Nocardiaceae,unclassified
Bacteria,Actinobacteria,Actinobacteria,Actinomycetales,Nocardiaceae,Williamsia
Bacteria,Actinobacteria,Actinobacteria,Actinomycetales,Nocardioidaceae,Actinopolymorpha
Bacteria,Actinobacteria,Actinobacteria,Actinomycetales,Nocardioidaceae,Aeromicrobium
Bacteria,Actinobacteria,Actinobacteria,Actinomycetales,Nocardioidaceae,Jiangella
Bacteria,Actinobacteria,Actinobacteria,Actinomycetales,Nocardioidaceae,Marmoricola
Bacteria,Actinobacteria,Actinobacteria,Actinomycetales,Nocardioidaceae,Nocardioides
Bacteria,Actinobacteria,Actinobacteria,Actinomycetales,Nocardioidaceae,unclassified
Bacteria,Actinobacteria,Actinobacteria,Actinomycetales,Nocardiopsaceae,Nocardiopsis
Bacteria,Actinobacteria,Actinobacteria,Actinomycetales,Promicromonosporaceae,Cellulosimicrobium
Bacteria,Actinobacteria,Actinobacteria,Actinomycetales,Promicromonosporaceae,Isoptericola
Bacteria,Actinobacteria,Actinobacteria,Actinomycetales,Promicromonosporaceae,Promicromonospora
Bacteria,Actinobacteria,Actinobacteria,Actinomycetales,Promicromonosporaceae,unclassified
Bacteria,Actinobacteria,Actinobacteria,Actinomycetales,Propionibacteriaceae,Friedmanniella
Bacteria,Actinobacteria,Actinobacteria,Actinomycetales,Propionibacteriaceae,Luteococcus
Bacteria,Actinobacteria,Actinobacteria,Actinomycetales,Propionibacteriaceae,Microlunatus
Bacteria,Actinobacteria,Actinobacteria,Actinomycetales,Propionibacteriaceae,Propionibacterium
Bacteria,Actinobacteria,Actinobacteria,Actinomycetales,Propionibacteriaceae,Propionicicella
Bacteria,Actinobacteria,Actinobacteria,Actinomycetales,Propionibacteriaceae,Propioniferax
Bacteria,Actinobacteria,Actinobacteria,Actinomycetales,Propionibacteriaceae,Propionimicrobium
Bacteria,Actinobacteria,Actinobacteria,Actinomycetales,Propionibacteriaceae,Tessaracoccus
Bacteria,Actinobacteria,Actinobacteria,Actinomycetales,Propionibacteriaceae,unclassified
Bacteria,Actinobacteria,Actinobacteria,Actinomycetales,Pseudonocardiaceae,Actinomycetospora
Bacteria,Actinobacteria,Actinobacteria,Actinomycetales,Pseudonocardiaceae,Amycolatopsis
Bacteria,Actinobacteria,Actinobacteria,Actinomycetales,Pseudonocardiaceae,Prauserella
Bacteria,Actinobacteria,Actinobacteria,Actinomycetales,Pseudonocardiaceae,Pseudonocardia
Bacteria,Actinobacteria,Actinobacteria,Actinomycetales,Pseudonocardiaceae,Saccharomonospora
Bacteria,Actinobacteria,Actinobacteria,Actinomycetales,Pseudonocardiaceae,Saccharopolyspora
Bacteria,Actinobacteria,Actinobacteria,Actinomycetales,Pseudonocardiaceae,Thermobispora
Bacteria,Actinobacteria,Actinobacteria,Actinomycetales,Pseudonocardiaceae,unclassified
Bacteria,Actinobacteria,Actinobacteria,Actinomycetales,Sanguibacteraceae,Sanguibacter
Bacteria,Actinobacteria,Actinobacteria,Actinomycetales,Segniliparaceae,Segniliparus
Bacteria,Actinobacteria,Actinobacteria,Actinomycetales,Streptomycetaceae,Kitasatospora
Bacteria,Actinobacteria,Actinobacteria,Actinomycetales,Streptomycetaceae,Streptomyces
Bacteria,Actinobacteria,Actinobacteria,Actinomycetales,Streptomycetaceae,unclassified
Bacteria,Actinobacteria,Actinobacteria,Actinomycetales,Streptosporangiaceae,Microbispora
Bacteria,Actinobacteria,Actinobacteria,Actinomycetales,Streptosporangiaceae,unclassified
Bacteria,Actinobacteria,Actinobacteria,Actinomycetales,Tsukamurellaceae,Tsukamurella
Bacteria,Actinobacteria,Actinobacteria,Actinomycetales,unclassified,
Bacteria,Actinobacteria,Actinobacteria,Actinomycetales,Yaniellaceae,Yaniella
Bacteria,Actinobacteria,Actinobacteria,Bifidobacteriales,Bifidobacteriaceae,Alloscardovia
Bacteria,Actinobacteria,Actinobacteria,Bifidobacteriales,Bifidobacteriaceae,Bifidobacterium
Bacteria,Actinobacteria,Actinobacteria,Bifidobacteriales,Bifidobacteriaceae,Gardnerella
Bacteria,Actinobacteria,Actinobacteria,Bifidobacteriales,Bifidobacteriaceae,Parascardovia
Bacteria,Actinobacteria,Actinobacteria,Bifidobacteriales,Bifidobacteriaceae,Scardovia
Bacteria,Actinobacteria,Actinobacteria,Bifidobacteriales,Bifidobacteriaceae,unclassified
Bacteria,Actinobacteria,Actinobacteria,Coriobacteriales,Coriobacteriaceae,Asaccharobacter
Bacteria,Actinobacteria,Actinobacteria,Coriobacteriales,Coriobacteriaceae,Atopobium
Bacteria,Actinobacteria,Actinobacteria,Coriobacteriales,Coriobacteriaceae,Collinsella
Bacteria,Actinobacteria,Actinobacteria,Coriobacteriales,Coriobacteriaceae,Cryptobacterium
Bacteria,Actinobacteria,Actinobacteria,Coriobacteriales,Coriobacteriaceae,Eggerthella
Bacteria,Actinobacteria,Actinobacteria,Coriobacteriales,Coriobacteriaceae,Enterorhabdus
Bacteria,Actinobacteria,Actinobacteria,Coriobacteriales,Coriobacteriaceae,Gordonibacter
Bacteria,Actinobacteria,Actinobacteria,Coriobacteriales,Coriobacteriaceae,Olsenella
Bacteria,Actinobacteria,Actinobacteria,Coriobacteriales,Coriobacteriaceae,Paraeggerthella
Bacteria,Actinobacteria,Actinobacteria,Coriobacteriales,Coriobacteriaceae,Slackia
Bacteria,Actinobacteria,Actinobacteria,Coriobacteriales,Coriobacteriaceae,unclassified
Bacteria,Actinobacteria,Actinobacteria,Rubrobacterales,Rubrobacteraceae,Rubrobacter
Bacteria,Actinobacteria,Actinobacteria,Solirubrobacterales,Conexibacteraceae,Conexibacter
Bacteria,Actinobacteria,Actinobacteria,Solirubrobacterales,Patulibacteraceae,Patulibacter
Bacteria,Actinobacteria,Actinobacteria,Solirubrobacterales,Solirubrobacteraceae,Solirubrobacter
Bacteria,Actinobacteria,Actinobacteria,Solirubrobacterales,unclassified,
Bacteria,Actinobacteria,Actinobacteria,unclassified,,
Bacteria,Bacteroidetes,Bacteroidia,Bacteroidales,Bacteroidaceae,Bacteroides
Bacteria,Bacteroidetes,Bacteroidia,Bacteroidales,Bacteroidales_incertae_sedis,Phocaeicola
Bacteria,Bacteroidetes,Bacteroidia,Bacteroidales,Porphyromonadaceae,Barnesiella
Bacteria,Bacteroidetes,Bacteroidia,Bacteroidales,Porphyromonadaceae,Butyricimonas
Bacteria,Bacteroidetes,Bacteroidia,Bacteroidales,Porphyromonadaceae,Dysgonomonas
Bacteria,Bacteroidetes,Bacteroidia,Bacteroidales,Porphyromonadaceae,Odoribacter
Bacteria,Bacteroidetes,Bacteroidia,Bacteroidales,Porphyromonadaceae,Paludibacter
Bacteria,Bacteroidetes,Bacteroidia,Bacteroidales,Porphyromonadaceae,Parabacteroides
Bacteria,Bacteroidetes,Bacteroidia,Bacteroidales,Porphyromonadaceae,Porphyromonas
Bacteria,Bacteroidetes,Bacteroidia,Bacteroidales,Porphyromonadaceae,Tannerella
Bacteria,Bacteroidetes,Bacteroidia,Bacteroidales,Porphyromonadaceae,unclassified
Bacteria,Bacteroidetes,Bacteroidia,Bacteroidales,Prevotellaceae,Hallella
Bacteria,Bacteroidetes,Bacteroidia,Bacteroidales,Prevotellaceae,Paraprevotella
Bacteria,Bacteroidetes,Bacteroidia,Bacteroidales,Prevotellaceae,Prevotella
Bacteria,Bacteroidetes,Bacteroidia,Bacteroidales,Prevotellaceae,unclassified
Bacteria,Bacteroidetes,Bacteroidia,Bacteroidales,Prevotellaceae,Xylanibacter
Bacteria,Bacteroidetes,Bacteroidia,Bacteroidales,Rikenellaceae,Alistipes
Bacteria,Bacteroidetes,Bacteroidia,Bacteroidales,Rikenellaceae,Rikenella
Bacteria,Bacteroidetes,Bacteroidia,Bacteroidales,Rikenellaceae,unclassified
Bacteria,Bacteroidetes,Bacteroidia,Bacteroidales,unclassified,
Bacteria,Bacteroidetes,Flavobacteria,Flavobacteriales,Cryomorphaceae,Fluviicola
Bacteria,Bacteroidetes,Flavobacteria,Flavobacteriales,Flavobacteriaceae,Capnocytophaga
Bacteria,Bacteroidetes,Flavobacteria,Flavobacteriales,Flavobacteriaceae,Chryseobacterium
Bacteria,Bacteroidetes,Flavobacteria,Flavobacteriales,Flavobacteriaceae,Cloacibacterium
Bacteria,Bacteroidetes,Flavobacteria,Flavobacteriales,Flavobacteriaceae,Elizabethkingia
Bacteria,Bacteroidetes,Flavobacteria,Flavobacteriales,Flavobacteriaceae,Empedobacter
Bacteria,Bacteroidetes,Flavobacteria,Flavobacteriales,Flavobacteriaceae,Epilithonimonas
Bacteria,Bacteroidetes,Flavobacteria,Flavobacteriales,Flavobacteriaceae,Flavobacterium
Bacteria,Bacteroidetes,Flavobacteria,Flavobacteriales,Flavobacteriaceae,Gillisia
Bacteria,Bacteroidetes,Flavobacteria,Flavobacteriales,Flavobacteriaceae,Kaistella
Bacteria,Bacteroidetes,Flavobacteria,Flavobacteriales,Flavobacteriaceae,Myroides
Bacteria,Bacteroidetes,Flavobacteria,Flavobacteriales,Flavobacteriaceae,Planobacterium
Bacteria,Bacteroidetes,Flavobacteria,Flavobacteriales,Flavobacteriaceae,Riemerella
Bacteria,Bacteroidetes,Flavobacteria,Flavobacteriales,Flavobacteriaceae,Salinimicrobium
Bacteria,Bacteroidetes,Flavobacteria,Flavobacteriales,Flavobacteriaceae,unclassified
Bacteria,Bacteroidetes,Flavobacteria,Flavobacteriales,Flavobacteriaceae,Wautersiella
Bacteria,Bacteroidetes,Flavobacteria,Flavobacteriales,unclassified,
Bacteria,Bacteroidetes,Sphingobacteria,Sphingobacteriales,Chitinophagaceae,Chitinophaga
Bacteria,Bacteroidetes,Sphingobacteria,Sphingobacteriales,Chitinophagaceae,Ferruginibacter
Bacteria,Bacteroidetes,Sphingobacteria,Sphingobacteriales,Chitinophagaceae,Flavisolibacter
Bacteria,Bacteroidetes,Sphingobacteria,Sphingobacteriales,Chitinophagaceae,Lacibacter
Bacteria,Bacteroidetes,Sphingobacteria,Sphingobacteriales,Chitinophagaceae,Niabella
Bacteria,Bacteroidetes,Sphingobacteria,Sphingobacteriales,Chitinophagaceae,Parasegetibacter
Bacteria,Bacteroidetes,Sphingobacteria,Sphingobacteriales,Chitinophagaceae,Sediminibacterium
Bacteria,Bacteroidetes,Sphingobacteria,Sphingobacteriales,Chitinophagaceae,Segetibacter
Bacteria,Bacteroidetes,Sphingobacteria,Sphingobacteriales,Chitinophagaceae,Terrimonas
Bacteria,Bacteroidetes,Sphingobacteria,Sphingobacteriales,Chitinophagaceae,unclassified
Bacteria,Bacteroidetes,Sphingobacteria,Sphingobacteriales,Cyclobacteriaceae,unclassified
Bacteria,Bacteroidetes,Sphingobacteria,Sphingobacteriales,Cytophagaceae,Adhaeribacter
Bacteria,Bacteroidetes,Sphingobacteria,Sphingobacteriales,Cytophagaceae,Arcicella
Bacteria,Bacteroidetes,Sphingobacteria,Sphingobacteriales,Cytophagaceae,Dyadobacter
Bacteria,Bacteroidetes,Sphingobacteria,Sphingobacteriales,Cytophagaceae,Hymenobacter
Bacteria,Bacteroidetes,Sphingobacteria,Sphingobacteriales,Cytophagaceae,Larkinella
Bacteria,Bacteroidetes,Sphingobacteria,Sphingobacteriales,Cytophagaceae,Pontibacter
Bacteria,Bacteroidetes,Sphingobacteria,Sphingobacteriales,Cytophagaceae,Spirosoma
Bacteria,Bacteroidetes,Sphingobacteria,Sphingobacteriales,Cytophagaceae,unclassified
Bacteria,Bacteroidetes,Sphingobacteria,Sphingobacteriales,Rhodothermaceae,Salinibacter
Bacteria,Bacteroidetes,Sphingobacteria,Sphingobacteriales,Rhodothermaceae,unclassified
Bacteria,Bacteroidetes,Sphingobacteria,Sphingobacteriales,Saprospiraceae,Haliscomenobacter
Bacteria,Bacteroidetes,Sphingobacteria,Sphingobacteriales,Sphingobacteriaceae,Mucilaginibacter
Bacteria,Bacteroidetes,Sphingobacteria,Sphingobacteriales,Sphingobacteriaceae,Nubsella
Bacteria,Bacteroidetes,Sphingobacteria,Sphingobacteriales,Sphingobacteriaceae,Pedobacter
Bacteria,Bacteroidetes,Sphingobacteria,Sphingobacteriales,Sphingobacteriaceae,Sphingobacterium
Bacteria,Bacteroidetes,Sphingobacteria,Sphingobacteriales,Sphingobacteriaceae,unclassified
Bacteria,Bacteroidetes,Sphingobacteria,Sphingobacteriales,unclassified,
Bacteria,Bacteroidetes,unclassified,,,
Bacteria,BRC1,BRC1_genera_incertae_sedis,unclassified,,
Bacteria,Chlamydiae,Chlamydiae,Chlamydiales,unclassified,
Bacteria,Chloroflexi,Anaerolineae,Anaerolineales,Anaerolineaceae,Longilinea
Bacteria,Chloroflexi,Anaerolineae,Anaerolineales,Anaerolineaceae,unclassified
Bacteria,Chloroflexi,Caldilineae,Caldilineales,Caldilineaceae,Caldilinea
Bacteria,Chloroflexi,Chloroflexi,Chloroflexales,Chloroflexaceae,Chloroflexus
Bacteria,Chloroflexi,Chloroflexi,Herpetosiphonales,Herpetosiphonaceae,Herpetosiphon
Bacteria,Chloroflexi,Chloroflexi,unclassified,,
Bacteria,Chloroflexi,Thermomicrobia,Sphaerobacterales,Sphaerobacteraceae,Sphaerobacter
Bacteria,Chloroflexi,Thermomicrobia,unclassified,,
Bacteria,Chloroflexi,unclassified,,,
Bacteria,Cyanobacteria,Cyanobacteria,Chloroplast,Bacillariophyta,unclassified
Bacteria,Cyanobacteria,Cyanobacteria,Chloroplast,Chlorophyta,unclassified
Bacteria,Cyanobacteria,Cyanobacteria,Chloroplast,Streptophyta,unclassified
Bacteria,Cyanobacteria,Cyanobacteria,Chloroplast,unclassified,
Bacteria,Cyanobacteria,Cyanobacteria,Family_I,GpI,unclassified
Bacteria,Cyanobacteria,Cyanobacteria,Family_IV,GpIV,unclassified
Bacteria,Cyanobacteria,Cyanobacteria,Family_V,GpV,unclassified
Bacteria,Cyanobacteria,Cyanobacteria,Family_VIII,GpVIII,unclassified
Bacteria,Cyanobacteria,Cyanobacteria,Family_XIII,GpXIII,unclassified
Bacteria,Cyanobacteria,Cyanobacteria,unclassified,,
Bacteria,Deinococcus-Thermus,Deinococci,Deinococcales,Deinococcaceae,Deinococcus
Bacteria,Deinococcus-Thermus,Deinococci,Deinococcales,Trueperaceae,Truepera
Bacteria,Deinococcus-Thermus,Deinococci,Thermales,Thermaceae,Meiothermus
Bacteria,Deinococcus-Thermus,Deinococci,Thermales,Thermaceae,Thermus
Bacteria,Firmicutes,Bacilli,Bacillales,Bacillaceae,Anoxybacillus
Bacteria,Firmicutes,Bacilli,Bacillales,Bacillaceae,Bacillus
Bacteria,Firmicutes,Bacilli,Bacillales,Bacillaceae,Exiguobacterium
Bacteria,Firmicutes,Bacilli,Bacillales,Bacillaceae,Geobacillus
Bacteria,Firmicutes,Bacilli,Bacillales,Bacillaceae,Lysinibacillus
Bacteria,Firmicutes,Bacilli,Bacillales,Bacillaceae,Oceanobacillus
Bacteria,Firmicutes,Bacilli,Bacillales,Bacillaceae,Tumebacillus
Bacteria,Firmicutes,Bacilli,Bacillales,Bacillaceae,unclassified
Bacteria,Firmicutes,Bacilli,Bacillales,Bacillaceae,Ureibacillus
Bacteria,Firmicutes,Bacilli,Bacillales,Bacillales_incertae_sedis,Rummeliibacillus
Bacteria,Firmicutes,Bacilli,Bacillales,Listeriaceae,Brochothrix
Bacteria,Firmicutes,Bacilli,Bacillales,Listeriaceae,Listeria
Bacteria,Firmicutes,Bacilli,Bacillales,Paenibacillaceae,Ammoniphilus
Bacteria,Firmicutes,Bacilli,Bacillales,Paenibacillaceae,Aneurinibacillus
Bacteria,Firmicutes,Bacilli,Bacillales,Paenibacillaceae,Brevibacillus
Bacteria,Firmicutes,Bacilli,Bacillales,Paenibacillaceae,Cohnella
Bacteria,Firmicutes,Bacilli,Bacillales,Paenibacillaceae,Paenibacillus
Bacteria,Firmicutes,Bacilli,Bacillales,Paenibacillaceae,Saccharibacillus
Bacteria,Firmicutes,Bacilli,Bacillales,Paenibacillaceae,Thermicanus
Bacteria,Firmicutes,Bacilli,Bacillales,Paenibacillaceae,Thermobacillus
Bacteria,Firmicutes,Bacilli,Bacillales,Paenibacillaceae,unclassified
Bacteria,Firmicutes,Bacilli,Bacillales,Planococcaceae,Kurthia
Bacteria,Firmicutes,Bacilli,Bacillales,Planococcaceae,Paenisporosarcina
Bacteria,Firmicutes,Bacilli,Bacillales,Planococcaceae,Planococcus
Bacteria,Firmicutes,Bacilli,Bacillales,Planococcaceae,Planomicrobium
Bacteria,Firmicutes,Bacilli,Bacillales,Planococcaceae,Sporosarcina
Bacteria,Firmicutes,Bacilli,Bacillales,Planococcaceae,unclassified
Bacteria,Firmicutes,Bacilli,Bacillales,Sporolactobacillaceae,Marinococcus
Bacteria,Firmicutes,Bacilli,Bacillales,Sporolactobacillaceae,Tuberibacillus
Bacteria,Firmicutes,Bacilli,Bacillales,Staphylococcaceae,Gemella
Bacteria,Firmicutes,Bacilli,Bacillales,Staphylococcaceae,Jeotgalicoccus
Bacteria,Firmicutes,Bacilli,Bacillales,Staphylococcaceae,Macrococcus
Bacteria,Firmicutes,Bacilli,Bacillales,Staphylococcaceae,Nosocomiicoccus
Bacteria,Firmicutes,Bacilli,Bacillales,Staphylococcaceae,Salinicoccus
Bacteria,Firmicutes,Bacilli,Bacillales,Staphylococcaceae,Staphylococcus
Bacteria,Firmicutes,Bacilli,Bacillales,Staphylococcaceae,unclassified
Bacteria,Firmicutes,Bacilli,Bacillales,Thermoactinomycetaceae,Desmospora
Bacteria,Firmicutes,Bacilli,Bacillales,Thermoactinomycetaceae,Planifilum
Bacteria,Firmicutes,Bacilli,Bacillales,Thermoactinomycetaceae,Thermoactinomyces
Bacteria,Firmicutes,Bacilli,Bacillales,Thermoactinomycetaceae,unclassified
Bacteria,Firmicutes,Bacilli,Bacillales,unclassified,
Bacteria,Firmicutes,Bacilli,Lactobacillales,Aerococcaceae,Abiotrophia
Bacteria,Firmicutes,Bacilli,Lactobacillales,Aerococcaceae,Aerococcus
Bacteria,Firmicutes,Bacilli,Lactobacillales,Aerococcaceae,Eremococcus
Bacteria,Firmicutes,Bacilli,Lactobacillales,Aerococcaceae,Facklamia
Bacteria,Firmicutes,Bacilli,Lactobacillales,Aerococcaceae,Globicatella
Bacteria,Firmicutes,Bacilli,Lactobacillales,Aerococcaceae,unclassified
Bacteria,Firmicutes,Bacilli,Lactobacillales,Carnobacteriaceae,Alkalibacterium
Bacteria,Firmicutes,Bacilli,Lactobacillales,Carnobacteriaceae,Alloiococcus
Bacteria,Firmicutes,Bacilli,Lactobacillales,Carnobacteriaceae,Atopostipes
Bacteria,Firmicutes,Bacilli,Lactobacillales,Carnobacteriaceae,Carnobacterium
Bacteria,Firmicutes,Bacilli,Lactobacillales,Carnobacteriaceae,Desemzia
Bacteria,Firmicutes,Bacilli,Lactobacillales,Carnobacteriaceae,Dolosigranulum
Bacteria,Firmicutes,Bacilli,Lactobacillales,Carnobacteriaceae,Granulicatella
Bacteria,Firmicutes,Bacilli,Lactobacillales,Carnobacteriaceae,Marinilactibacillus
Bacteria,Firmicutes,Bacilli,Lactobacillales,Carnobacteriaceae,Trichococcus
Bacteria,Firmicutes,Bacilli,Lactobacillales,Carnobacteriaceae,unclassified
Bacteria,Firmicutes,Bacilli,Lactobacillales,Enterococcaceae,Catellicoccus
Bacteria,Firmicutes,Bacilli,Lactobacillales,Enterococcaceae,Enterococcus
Bacteria,Firmicutes,Bacilli,Lactobacillales,Enterococcaceae,Tetragenococcus
Bacteria,Firmicutes,Bacilli,Lactobacillales,Enterococcaceae,unclassified
Bacteria,Firmicutes,Bacilli,Lactobacillales,Enterococcaceae,Vagococcus
Bacteria,Firmicutes,Bacilli,Lactobacillales,Lactobacillaceae,Lactobacillus
Bacteria,Firmicutes,Bacilli,Lactobacillales,Lactobacillaceae,Pediococcus
Bacteria,Firmicutes,Bacilli,Lactobacillales,Lactobacillaceae,unclassified
Bacteria,Firmicutes,Bacilli,Lactobacillales,Leuconostocaceae,Leuconostoc
Bacteria,Firmicutes,Bacilli,Lactobacillales,Leuconostocaceae,Weissella
Bacteria,Firmicutes,Bacilli,Lactobacillales,Streptococcaceae,Lactococcus
Bacteria,Firmicutes,Bacilli,Lactobacillales,Streptococcaceae,Lactovum
Bacteria,Firmicutes,Bacilli,Lactobacillales,Streptococcaceae,Streptococcus
Bacteria,Firmicutes,Bacilli,Lactobacillales,Streptococcaceae,unclassified
Bacteria,Firmicutes,Bacilli,Lactobacillales,unclassified,
Bacteria,Firmicutes,Bacilli,unclassified,,
Bacteria,Firmicutes,Clostridia,Clostridiales,Clostridiaceae,Alkaliphilus
Bacteria,Firmicutes,Clostridia,Clostridiales,Clostridiaceae,Clostridium
Bacteria,Firmicutes,Clostridia,Clostridiales,Clostridiaceae,Oxobacter
Bacteria,Firmicutes,Clostridia,Clostridiales,Clostridiaceae,Sarcina
Bacteria,Firmicutes,Clostridia,Clostridiales,Clostridiaceae,unclassified
Bacteria,Firmicutes,Clostridia,Clostridiales,Eubacteriaceae,Anaerofustis
Bacteria,Firmicutes,Clostridia,Clostridiales,Eubacteriaceae,Eubacterium
Bacteria,Firmicutes,Clostridia,Clostridiales,Eubacteriaceae,Garciella
Bacteria,Firmicutes,Clostridia,Clostridiales,Eubacteriaceae,Pseudoramibacter
Bacteria,Firmicutes,Clostridia,Clostridiales,Eubacteriaceae,unclassified
Bacteria,Firmicutes,Clostridia,Clostridiales,Gracilibacteraceae,Gracilibacter
Bacteria,Firmicutes,Clostridia,Clostridiales,Gracilibacteraceae,unclassified
Bacteria,Firmicutes,Clostridia,Clostridiales,Incertae_Sedis_XI,Anaerococcus
Bacteria,Firmicutes,Clostridia,Clostridiales,Incertae_Sedis_XI,Finegoldia
Bacteria,Firmicutes,Clostridia,Clostridiales,Incertae_Sedis_XI,Gallicola
Bacteria,Firmicutes,Clostridia,Clostridiales,Incertae_Sedis_XI,Helcococcus
Bacteria,Firmicutes,Clostridia,Clostridiales,Incertae_Sedis_XI,Parvimonas
Bacteria,Firmicutes,Clostridia,Clostridiales,Incertae_Sedis_XI,Peptoniphilus
Bacteria,Firmicutes,Clostridia,Clostridiales,Incertae_Sedis_XI,Tissierella
Bacteria,Firmicutes,Clostridia,Clostridiales,Incertae_Sedis_XI,unclassified
Bacteria,Firmicutes,Clostridia,Clostridiales,Incertae_Sedis_XII,Fusibacter
Bacteria,Firmicutes,Clostridia,Clostridiales,Incertae_Sedis_XIII,Anaerovorax
Bacteria,Firmicutes,Clostridia,Clostridiales,Incertae_Sedis_XIII,Mogibacterium
Bacteria,Firmicutes,Clostridia,Clostridiales,Incertae_Sedis_XIII,unclassified
Bacteria,Firmicutes,Clostridia,Clostridiales,Incertae_Sedis_XIV,Blautia
Bacteria,Firmicutes,Clostridia,Clostridiales,Incertae_Sedis_XIV,Howardella
Bacteria,Firmicutes,Clostridia,Clostridiales,Incertae_Sedis_XIV,Proteocatella
Bacteria,Firmicutes,Clostridia,Clostridiales,Incertae_Sedis_XIV,unclassified
Bacteria,Firmicutes,Clostridia,Clostridiales,Incertae_Sedis_XVIII,Symbiobacterium
Bacteria,Firmicutes,Clostridia,Clostridiales,Lachnospiraceae,Acetitomaculum
Bacteria,Firmicutes,Clostridia,Clostridiales,Lachnospiraceae,Anaerosporobacter
Bacteria,Firmicutes,Clostridia,Clostridiales,Lachnospiraceae,Anaerostipes
Bacteria,Firmicutes,Clostridia,Clostridiales,Lachnospiraceae,Butyrivibrio
Bacteria,Firmicutes,Clostridia,Clostridiales,Lachnospiraceae,Catonella
Bacteria,Firmicutes,Clostridia,Clostridiales,Lachnospiraceae,Coprococcus
Bacteria,Firmicutes,Clostridia,Clostridiales,Lachnospiraceae,Dorea
Bacteria,Firmicutes,Clostridia,Clostridiales,Lachnospiraceae,Hespellia
Bacteria,Firmicutes,Clostridia,Clostridiales,Lachnospiraceae,Johnsonella
Bacteria,Firmicutes,Clostridia,Clostridiales,Lachnospiraceae,Lachnobacterium
Bacteria,Firmicutes,Clostridia,Clostridiales,Lachnospiraceae,Moryella
Bacteria,Firmicutes,Clostridia,Clostridiales,Lachnospiraceae,Oribacterium
Bacteria,Firmicutes,Clostridia,Clostridiales,Lachnospiraceae,Parasporobacterium
Bacteria,Firmicutes,Clostridia,Clostridiales,Lachnospiraceae,Pseudobutyrivibrio
Bacteria,Firmicutes,Clostridia,Clostridiales,Lachnospiraceae,Robinsoniella
Bacteria,Firmicutes,Clostridia,Clostridiales,Lachnospiraceae,Roseburia
Bacteria,Firmicutes,Clostridia,Clostridiales,Lachnospiraceae,Shuttleworthia
Bacteria,Firmicutes,Clostridia,Clostridiales,Lachnospiraceae,Syntrophococcus
Bacteria,Firmicutes,Clostridia,Clostridiales,Lachnospiraceae,unclassified
Bacteria,Firmicutes,Clostridia,Clostridiales,Peptococcaceae,Dehalobacter
Bacteria,Firmicutes,Clostridia,Clostridiales,Peptococcaceae,Desulfonispora
Bacteria,Firmicutes,Clostridia,Clostridiales,Peptococcaceae,Peptococcus
Bacteria,Firmicutes,Clostridia,Clostridiales,Peptococcaceae,unclassified
Bacteria,Firmicutes,Clostridia,Clostridiales,Peptostreptococcaceae,Filifactor
Bacteria,Firmicutes,Clostridia,Clostridiales,Peptostreptococcaceae,Peptostreptococcus
Bacteria,Firmicutes,Clostridia,Clostridiales,Peptostreptococcaceae,Sporacetigenium
Bacteria,Firmicutes,Clostridia,Clostridiales,Peptostreptococcaceae,unclassified
Bacteria,Firmicutes,Clostridia,Clostridiales,Ruminococcaceae,Acetanaerobacterium
Bacteria,Firmicutes,Clostridia,Clostridiales,Ruminococcaceae,Acetivibrio
Bacteria,Firmicutes,Clostridia,Clostridiales,Ruminococcaceae,Anaerofilum
Bacteria,Firmicutes,Clostridia,Clostridiales,Ruminococcaceae,Anaerotruncus
Bacteria,Firmicutes,Clostridia,Clostridiales,Ruminococcaceae,Butyricicoccus
Bacteria,Firmicutes,Clostridia,Clostridiales,Ruminococcaceae,Ethanoligenens
Bacteria,Firmicutes,Clostridia,Clostridiales,Ruminococcaceae,Faecalibacterium
Bacteria,Firmicutes,Clostridia,Clostridiales,Ruminococcaceae,Fastidiosipila
Bacteria,Firmicutes,Clostridia,Clostridiales,Ruminococcaceae,Hydrogenoanaerobacterium
Bacteria,Firmicutes,Clostridia,Clostridiales,Ruminococcaceae,Lactonifactor
Bacteria,Firmicutes,Clostridia,Clostridiales,Ruminococcaceae,Oscillibacter
Bacteria,Firmicutes,Clostridia,Clostridiales,Ruminococcaceae,Papillibacter
Bacteria,Firmicutes,Clostridia,Clostridiales,Ruminococcaceae,Ruminococcus
Bacteria,Firmicutes,Clostridia,Clostridiales,Ruminococcaceae,Sporobacter
Bacteria,Firmicutes,Clostridia,Clostridiales,Ruminococcaceae,Subdoligranulum
Bacteria,Firmicutes,Clostridia,Clostridiales,Ruminococcaceae,unclassified
Bacteria,Firmicutes,Clostridia,Clostridiales,unclassified,
Bacteria,Firmicutes,Clostridia,Clostridiales,Veillonellaceae,Acidaminococcus
Bacteria,Firmicutes,Clostridia,Clostridiales,Veillonellaceae,Allisonella
Bacteria,Firmicutes,Clostridia,Clostridiales,Veillonellaceae,Anaeroglobus
Bacteria,Firmicutes,Clostridia,Clostridiales,Veillonellaceae,Centipeda
Bacteria,Firmicutes,Clostridia,Clostridiales,Veillonellaceae,Dialister
Bacteria,Firmicutes,Clostridia,Clostridiales,Veillonellaceae,Megamonas
Bacteria,Firmicutes,Clostridia,Clostridiales,Veillonellaceae,Megasphaera
Bacteria,Firmicutes,Clostridia,Clostridiales,Veillonellaceae,Mitsuokella
Bacteria,Firmicutes,Clostridia,Clostridiales,Veillonellaceae,Phascolarctobacterium
Bacteria,Firmicutes,Clostridia,Clostridiales,Veillonellaceae,Schwartzia
Bacteria,Firmicutes,Clostridia,Clostridiales,Veillonellaceae,Selenomonas
Bacteria,Firmicutes,Clostridia,Clostridiales,Veillonellaceae,Sporomusa
Bacteria,Firmicutes,Clostridia,Clostridiales,Veillonellaceae,Succiniclasticum
Bacteria,Firmicutes,Clostridia,Clostridiales,Veillonellaceae,unclassified
Bacteria,Firmicutes,Clostridia,Clostridiales,Veillonellaceae,Veillonella
Bacteria,Firmicutes,Clostridia,Thermoanaerobacterales,Thermoanaerobacteraceae,Thermoanaerobacterium
Bacteria,Firmicutes,Clostridia,unclassified,,
Bacteria,Firmicutes,Erysipelotrichi,Erysipelotrichales,Erysipelotrichaceae,Allobaculum
Bacteria,Firmicutes,Erysipelotrichi,Erysipelotrichales,Erysipelotrichaceae,Bulleidia
Bacteria,Firmicutes,Erysipelotrichi,Erysipelotrichales,Erysipelotrichaceae,Catenibacterium
Bacteria,Firmicutes,Erysipelotrichi,Erysipelotrichales,Erysipelotrichaceae,Coprobacillus
Bacteria,Firmicutes,Erysipelotrichi,Erysipelotrichales,Erysipelotrichaceae,Erysipelothrix
Bacteria,Firmicutes,Erysipelotrichi,Erysipelotrichales,Erysipelotrichaceae,Holdemania
Bacteria,Firmicutes,Erysipelotrichi,Erysipelotrichales,Erysipelotrichaceae,Sharpea
Bacteria,Firmicutes,Erysipelotrichi,Erysipelotrichales,Erysipelotrichaceae,Solobacterium
Bacteria,Firmicutes,Erysipelotrichi,Erysipelotrichales,Erysipelotrichaceae,Turicibacter
Bacteria,Firmicutes,Erysipelotrichi,Erysipelotrichales,Erysipelotrichaceae,unclassified
Bacteria,Firmicutes,unclassified,,,
Bacteria,Fusobacteria,Fusobacteria,Fusobacteriales,Fusobacteriaceae,Fusobacterium
Bacteria,Fusobacteria,Fusobacteria,Fusobacteriales,Fusobacteriaceae,unclassified
Bacteria,Fusobacteria,Fusobacteria,Fusobacteriales,Leptotrichiaceae,Leptotrichia
Bacteria,Fusobacteria,Fusobacteria,Fusobacteriales,Leptotrichiaceae,Sneathia
Bacteria,Fusobacteria,Fusobacteria,Fusobacteriales,Leptotrichiaceae,Streptobacillus
Bacteria,Fusobacteria,Fusobacteria,Fusobacteriales,Leptotrichiaceae,unclassified
Bacteria,Fusobacteria,Fusobacteria,Fusobacteriales,unclassified,
Bacteria,Gemmatimonadetes,Gemmatimonadetes,Gemmatimonadales,Gemmatimonadaceae,Gemmatimonas
Bacteria,Lentisphaerae,Lentisphaeria,unclassified,,
Bacteria,Lentisphaerae,Lentisphaeria,Victivallales,Victivallaceae,Victivallis
Bacteria,Nitrospira,Nitrospira,Nitrospirales,Nitrospiraceae,Nitrospira
Bacteria,OD1,OD1_genera_incertae_sedis,unclassified,,
Bacteria,OP10,OP10_genera_incertae_sedis,unclassified,,
Bacteria,Planctomycetes,Planctomycetacia,Planctomycetales,Planctomycetaceae,Gemmata
Bacteria,Planctomycetes,Planctomycetacia,Planctomycetales,Planctomycetaceae,Isosphaera
Bacteria,Planctomycetes,Planctomycetacia,Planctomycetales,Planctomycetaceae,Pirellula
Bacteria,Planctomycetes,Planctomycetacia,Planctomycetales,Planctomycetaceae,Planctomyces
Bacteria,Planctomycetes,Planctomycetacia,Planctomycetales,Planctomycetaceae,Singulisphaera
Bacteria,Planctomycetes,Planctomycetacia,Planctomycetales,Planctomycetaceae,unclassified
Bacteria,Planctomycetes,Planctomycetacia,Planctomycetales,Planctomycetaceae,Zavarzinella
Bacteria,Proteobacteria,Alphaproteobacteria,Alphaproteobacteria_incertae_sedis,Geminicoccus,unclassified
Bacteria,Proteobacteria,Alphaproteobacteria,Caulobacterales,Caulobacteraceae,Asticcacaulis
Bacteria,Proteobacteria,Alphaproteobacteria,Caulobacterales,Caulobacteraceae,Brevundimonas
Bacteria,Proteobacteria,Alphaproteobacteria,Caulobacterales,Caulobacteraceae,Caulobacter
Bacteria,Proteobacteria,Alphaproteobacteria,Caulobacterales,Caulobacteraceae,Phenylobacterium
Bacteria,Proteobacteria,Alphaproteobacteria,Caulobacterales,Caulobacteraceae,unclassified
Bacteria,Proteobacteria,Alphaproteobacteria,Rhizobiales,Aurantimonadaceae,Aurantimonas
Bacteria,Proteobacteria,Alphaproteobacteria,Rhizobiales,Beijerinckiaceae,Beijerinckia
Bacteria,Proteobacteria,Alphaproteobacteria,Rhizobiales,Beijerinckiaceae,Chelatococcus
Bacteria,Proteobacteria,Alphaproteobacteria,Rhizobiales,Beijerinckiaceae,unclassified
Bacteria,Proteobacteria,Alphaproteobacteria,Rhizobiales,Bradyrhizobiaceae,Afipia
Bacteria,Proteobacteria,Alphaproteobacteria,Rhizobiales,Bradyrhizobiaceae,Agromonas
Bacteria,Proteobacteria,Alphaproteobacteria,Rhizobiales,Bradyrhizobiaceae,Balneimonas
Bacteria,Proteobacteria,Alphaproteobacteria,Rhizobiales,Bradyrhizobiaceae,Bosea
Bacteria,Proteobacteria,Alphaproteobacteria,Rhizobiales,Bradyrhizobiaceae,Bradyrhizobium
Bacteria,Proteobacteria,Alphaproteobacteria,Rhizobiales,Bradyrhizobiaceae,Rhodopseudomonas
Bacteria,Proteobacteria,Alphaproteobacteria,Rhizobiales,Bradyrhizobiaceae,unclassified
Bacteria,Proteobacteria,Alphaproteobacteria,Rhizobiales,Brucellaceae,Ochrobactrum
Bacteria,Proteobacteria,Alphaproteobacteria,Rhizobiales,Brucellaceae,Pseudochrobactrum
Bacteria,Proteobacteria,Alphaproteobacteria,Rhizobiales,Brucellaceae,unclassified
Bacteria,Proteobacteria,Alphaproteobacteria,Rhizobiales,Hyphomicrobiaceae,Devosia
Bacteria,Proteobacteria,Alphaproteobacteria,Rhizobiales,Hyphomicrobiaceae,Hyphomicrobium
Bacteria,Proteobacteria,Alphaproteobacteria,Rhizobiales,Hyphomicrobiaceae,Maritalea
Bacteria,Proteobacteria,Alphaproteobacteria,Rhizobiales,Hyphomicrobiaceae,Pedomicrobium
Bacteria,Proteobacteria,Alphaproteobacteria,Rhizobiales,Hyphomicrobiaceae,Prosthecomicrobium
Bacteria,Proteobacteria,Alphaproteobacteria,Rhizobiales,Hyphomicrobiaceae,Rhodoplanes
Bacteria,Proteobacteria,Alphaproteobacteria,Rhizobiales,Hyphomicrobiaceae,unclassified
Bacteria,Proteobacteria,Alphaproteobacteria,Rhizobiales,Methylobacteriaceae,Methylobacterium
Bacteria,Proteobacteria,Alphaproteobacteria,Rhizobiales,Methylobacteriaceae,Microvirga
Bacteria,Proteobacteria,Alphaproteobacteria,Rhizobiales,Methylobacteriaceae,unclassified
Bacteria,Proteobacteria,Alphaproteobacteria,Rhizobiales,Methylocystaceae,Methylocystis
Bacteria,Proteobacteria,Alphaproteobacteria,Rhizobiales,Methylocystaceae,Methylopila
Bacteria,Proteobacteria,Alphaproteobacteria,Rhizobiales,Methylocystaceae,Pleomorphomonas
Bacteria,Proteobacteria,Alphaproteobacteria,Rhizobiales,Methylocystaceae,unclassified
Bacteria,Proteobacteria,Alphaproteobacteria,Rhizobiales,Phyllobacteriaceae,Mesorhizobium
Bacteria,Proteobacteria,Alphaproteobacteria,Rhizobiales,Phyllobacteriaceae,Phyllobacterium
Bacteria,Proteobacteria,Alphaproteobacteria,Rhizobiales,Phyllobacteriaceae,unclassified
Bacteria,Proteobacteria,Alphaproteobacteria,Rhizobiales,Rhizobiaceae,Ensifer
Bacteria,Proteobacteria,Alphaproteobacteria,Rhizobiales,Rhizobiaceae,Kaistia
Bacteria,Proteobacteria,Alphaproteobacteria,Rhizobiales,Rhizobiaceae,Rhizobium
Bacteria,Proteobacteria,Alphaproteobacteria,Rhizobiales,Rhizobiaceae,unclassified
Bacteria,Proteobacteria,Alphaproteobacteria,Rhizobiales,unclassified,
Bacteria,Proteobacteria,Alphaproteobacteria,Rhizobiales,Xanthobacteraceae,Ancylobacter
Bacteria,Proteobacteria,Alphaproteobacteria,Rhizobiales,Xanthobacteraceae,Pseudolabrys
Bacteria,Proteobacteria,Alphaproteobacteria,Rhizobiales,Xanthobacteraceae,unclassified
Bacteria,Proteobacteria,Alphaproteobacteria,Rhizobiales,Xanthobacteraceae,Xanthobacter
Bacteria,Proteobacteria,Alphaproteobacteria,Rhodobacterales,Rhodobacteraceae,Amaricoccus
Bacteria,Proteobacteria,Alphaproteobacteria,Rhodobacterales,Rhodobacteraceae,Haematobacter
Bacteria,Proteobacteria,Alphaproteobacteria,Rhodobacterales,Rhodobacteraceae,Paracoccus
Bacteria,Proteobacteria,Alphaproteobacteria,Rhodobacterales,Rhodobacteraceae,Rhodobacter
Bacteria,Proteobacteria,Alphaproteobacteria,Rhodobacterales,Rhodobacteraceae,Rubellimicrobium
Bacteria,Proteobacteria,Alphaproteobacteria,Rhodobacterales,Rhodobacteraceae,unclassified
Bacteria,Proteobacteria,Alphaproteobacteria,Rhodospirillales,Acetobacteraceae,Acetobacter
Bacteria,Proteobacteria,Alphaproteobacteria,Rhodospirillales,Acetobacteraceae,Acidisphaera
Bacteria,Proteobacteria,Alphaproteobacteria,Rhodospirillales,Acetobacteraceae,Belnapia
Bacteria,Proteobacteria,Alphaproteobacteria,Rhodospirillales,Acetobacteraceae,Craurococcus
Bacteria,Proteobacteria,Alphaproteobacteria,Rhodospirillales,Acetobacteraceae,Gluconobacter
Bacteria,Proteobacteria,Alphaproteobacteria,Rhodospirillales,Acetobacteraceae,Rhodopila
Bacteria,Proteobacteria,Alphaproteobacteria,Rhodospirillales,Acetobacteraceae,Roseomonas
Bacteria,Proteobacteria,Alphaproteobacteria,Rhodospirillales,Acetobacteraceae,unclassified
Bacteria,Proteobacteria,Alphaproteobacteria,Rhodospirillales,Rhodospirillaceae,Azospirillum
Bacteria,Proteobacteria,Alphaproteobacteria,Rhodospirillales,Rhodospirillaceae,Defluviicoccus
Bacteria,Proteobacteria,Alphaproteobacteria,Rhodospirillales,Rhodospirillaceae,Magnetospirillum
Bacteria,Proteobacteria,Alphaproteobacteria,Rhodospirillales,Rhodospirillaceae,Rhodocista
Bacteria,Proteobacteria,Alphaproteobacteria,Rhodospirillales,Rhodospirillaceae,Skermanella
Bacteria,Proteobacteria,Alphaproteobacteria,Rhodospirillales,Rhodospirillaceae,unclassified
Bacteria,Proteobacteria,Alphaproteobacteria,Rhodospirillales,unclassified,
Bacteria,Proteobacteria,Alphaproteobacteria,Rickettsiales,Rickettsiaceae,Rickettsia
Bacteria,Proteobacteria,Alphaproteobacteria,Rickettsiales,SAR11,Pelagibacter
Bacteria,Proteobacteria,Alphaproteobacteria,Sphingomonadales,Erythrobacteraceae,Erythrobacter
Bacteria,Proteobacteria,Alphaproteobacteria,Sphingomonadales,Erythrobacteraceae,Porphyrobacter
Bacteria,Proteobacteria,Alphaproteobacteria,Sphingomonadales,Erythrobacteraceae,unclassified
Bacteria,Proteobacteria,Alphaproteobacteria,Sphingomonadales,Sphingomonadaceae,Blastomonas
Bacteria,Proteobacteria,Alphaproteobacteria,Sphingomonadales,Sphingomonadaceae,Novosphingobium
Bacteria,Proteobacteria,Alphaproteobacteria,Sphingomonadales,Sphingomonadaceae,Sandaracinobacter
Bacteria,Proteobacteria,Alphaproteobacteria,Sphingomonadales,Sphingomonadaceae,Sphingobium
Bacteria,Proteobacteria,Alphaproteobacteria,Sphingomonadales,Sphingomonadaceae,Sphingomonas
Bacteria,Proteobacteria,Alphaproteobacteria,Sphingomonadales,Sphingomonadaceae,Sphingopyxis
Bacteria,Proteobacteria,Alphaproteobacteria,Sphingomonadales,Sphingomonadaceae,unclassified
Bacteria,Proteobacteria,Alphaproteobacteria,Sphingomonadales,unclassified,
Bacteria,Proteobacteria,Alphaproteobacteria,unclassified,,
Bacteria,Proteobacteria,Betaproteobacteria,Burkholderiales,Alcaligenaceae,Achromobacter
Bacteria,Proteobacteria,Betaproteobacteria,Burkholderiales,Alcaligenaceae,Alcaligenes
Bacteria,Proteobacteria,Betaproteobacteria,Burkholderiales,Alcaligenaceae,Azohydromonas
Bacteria,Proteobacteria,Betaproteobacteria,Burkholderiales,Alcaligenaceae,Bordetella
Bacteria,Proteobacteria,Betaproteobacteria,Burkholderiales,Alcaligenaceae,Derxia
Bacteria,Proteobacteria,Betaproteobacteria,Burkholderiales,Alcaligenaceae,Oligella
Bacteria,Proteobacteria,Betaproteobacteria,Burkholderiales,Alcaligenaceae,Parasutterella
Bacteria,Proteobacteria,Betaproteobacteria,Burkholderiales,Alcaligenaceae,Pigmentiphaga
Bacteria,Proteobacteria,Betaproteobacteria,Burkholderiales,Alcaligenaceae,Sutterella
Bacteria,Proteobacteria,Betaproteobacteria,Burkholderiales,Alcaligenaceae,unclassified
Bacteria,Proteobacteria,Betaproteobacteria,Burkholderiales,Burkholderiaceae,Burkholderia
Bacteria,Proteobacteria,Betaproteobacteria,Burkholderiales,Burkholderiaceae,Cupriavidus
Bacteria,Proteobacteria,Betaproteobacteria,Burkholderiales,Burkholderiaceae,Limnobacter
Bacteria,Proteobacteria,Betaproteobacteria,Burkholderiales,Burkholderiaceae,Polynucleobacter
Bacteria,Proteobacteria,Betaproteobacteria,Burkholderiales,Burkholderiaceae,Ralstonia
Bacteria,Proteobacteria,Betaproteobacteria,Burkholderiales,Burkholderiaceae,unclassified
Bacteria,Proteobacteria,Betaproteobacteria,Burkholderiales,Burkholderiales_incertae_sedis,Aquabacterium
Bacteria,Proteobacteria,Betaproteobacteria,Burkholderiales,Burkholderiales_incertae_sedis,Methylibium
Bacteria,Proteobacteria,Betaproteobacteria,Burkholderiales,Burkholderiales_incertae_sedis,Tepidimonas
Bacteria,Proteobacteria,Betaproteobacteria,Burkholderiales,Burkholderiales_incertae_sedis,unclassified
Bacteria,Proteobacteria,Betaproteobacteria,Burkholderiales,Comamonadaceae,Acidovorax
Bacteria,Proteobacteria,Betaproteobacteria,Burkholderiales,Comamonadaceae,Alicycliphilus
Bacteria,Proteobacteria,Betaproteobacteria,Burkholderiales,Comamonadaceae,Brachymonas
Bacteria,Proteobacteria,Betaproteobacteria,Burkholderiales,Comamonadaceae,Comamonas
Bacteria,Proteobacteria,Betaproteobacteria,Burkholderiales,Comamonadaceae,Curvibacter
Bacteria,Proteobacteria,Betaproteobacteria,Burkholderiales,Comamonadaceae,Delftia
Bacteria,Proteobacteria,Betaproteobacteria,Burkholderiales,Comamonadaceae,Diaphorobacter
Bacteria,Proteobacteria,Betaproteobacteria,Burkholderiales,Comamonadaceae,Hydrogenophaga
Bacteria,Proteobacteria,Betaproteobacteria,Burkholderiales,Comamonadaceae,Ottowia
Bacteria,Proteobacteria,Betaproteobacteria,Burkholderiales,Comamonadaceae,Pelomonas
Bacteria,Proteobacteria,Betaproteobacteria,Burkholderiales,Comamonadaceae,Polaromonas
Bacteria,Proteobacteria,Betaproteobacteria,Burkholderiales,Comamonadaceae,Pseudorhodoferax
Bacteria,Proteobacteria,Betaproteobacteria,Burkholderiales,Comamonadaceae,Ramlibacter
Bacteria,Proteobacteria,Betaproteobacteria,Burkholderiales,Comamonadaceae,Rhodoferax
Bacteria,Proteobacteria,Betaproteobacteria,Burkholderiales,Comamonadaceae,Roseateles
Bacteria,Proteobacteria,Betaproteobacteria,Burkholderiales,Comamonadaceae,Schlegelella
Bacteria,Proteobacteria,Betaproteobacteria,Burkholderiales,Comamonadaceae,Simplicispira
Bacteria,Proteobacteria,Betaproteobacteria,Burkholderiales,Comamonadaceae,Tepidicella
Bacteria,Proteobacteria,Betaproteobacteria,Burkholderiales,Comamonadaceae,unclassified
Bacteria,Proteobacteria,Betaproteobacteria,Burkholderiales,Comamonadaceae,Variovorax
Bacteria,Proteobacteria,Betaproteobacteria,Burkholderiales,Oxalobacteraceae,Duganella
Bacteria,Proteobacteria,Betaproteobacteria,Burkholderiales,Oxalobacteraceae,Herbaspirillum
Bacteria,Proteobacteria,Betaproteobacteria,Burkholderiales,Oxalobacteraceae,Herminiimonas
Bacteria,Proteobacteria,Betaproteobacteria,Burkholderiales,Oxalobacteraceae,Janthinobacterium
Bacteria,Proteobacteria,Betaproteobacteria,Burkholderiales,Oxalobacteraceae,Massilia
Bacteria,Proteobacteria,Betaproteobacteria,Burkholderiales,Oxalobacteraceae,Naxibacter
Bacteria,Proteobacteria,Betaproteobacteria,Burkholderiales,Oxalobacteraceae,Oxalobacter
Bacteria,Proteobacteria,Betaproteobacteria,Burkholderiales,Oxalobacteraceae,unclassified
Bacteria,Proteobacteria,Betaproteobacteria,Burkholderiales,unclassified,
Bacteria,Proteobacteria,Betaproteobacteria,Hydrogenophilales,Hydrogenophilaceae,Hydrogenophilus
Bacteria,Proteobacteria,Betaproteobacteria,Hydrogenophilales,Hydrogenophilaceae,Petrobacter
Bacteria,Proteobacteria,Betaproteobacteria,Hydrogenophilales,Hydrogenophilaceae,Tepidiphilus
Bacteria,Proteobacteria,Betaproteobacteria,Hydrogenophilales,Hydrogenophilaceae,unclassified
Bacteria,Proteobacteria,Betaproteobacteria,Methylophilales,Methylophilaceae,Methylobacillus
Bacteria,Proteobacteria,Betaproteobacteria,Methylophilales,Methylophilaceae,Methylophilus
Bacteria,Proteobacteria,Betaproteobacteria,Methylophilales,Methylophilaceae,Methylotenera
Bacteria,Proteobacteria,Betaproteobacteria,Methylophilales,Methylophilaceae,unclassified
Bacteria,Proteobacteria,Betaproteobacteria,Neisseriales,Neisseriaceae,Alysiella
Bacteria,Proteobacteria,Betaproteobacteria,Neisseriales,Neisseriaceae,Bergeriella
Bacteria,Proteobacteria,Betaproteobacteria,Neisseriales,Neisseriaceae,Conchiformibius
Bacteria,Proteobacteria,Betaproteobacteria,Neisseriales,Neisseriaceae,Kingella
Bacteria,Proteobacteria,Betaproteobacteria,Neisseriales,Neisseriaceae,Neisseria
Bacteria,Proteobacteria,Betaproteobacteria,Neisseriales,Neisseriaceae,Simonsiella
Bacteria,Proteobacteria,Betaproteobacteria,Neisseriales,Neisseriaceae,Stenoxybacter
Bacteria,Proteobacteria,Betaproteobacteria,Neisseriales,Neisseriaceae,unclassified
Bacteria,Proteobacteria,Betaproteobacteria,Neisseriales,Neisseriaceae,Vogesella
Bacteria,Proteobacteria,Betaproteobacteria,Nitrosomonadales,Nitrosomonadaceae,Nitrosospira
Bacteria,Proteobacteria,Betaproteobacteria,Nitrosomonadales,Nitrosomonadaceae,unclassified
Bacteria,Proteobacteria,Betaproteobacteria,Rhodocyclales,Rhodocyclaceae,Azonexus
Bacteria,Proteobacteria,Betaproteobacteria,Rhodocyclales,Rhodocyclaceae,Azospira
Bacteria,Proteobacteria,Betaproteobacteria,Rhodocyclales,Rhodocyclaceae,Dechloromonas
Bacteria,Proteobacteria,Betaproteobacteria,Rhodocyclales,Rhodocyclaceae,Methyloversatilis
Bacteria,Proteobacteria,Betaproteobacteria,Rhodocyclales,Rhodocyclaceae,Propionivibrio
Bacteria,Proteobacteria,Betaproteobacteria,Rhodocyclales,Rhodocyclaceae,Shinella
Bacteria,Proteobacteria,Betaproteobacteria,Rhodocyclales,Rhodocyclaceae,Thauera
Bacteria,Proteobacteria,Betaproteobacteria,Rhodocyclales,Rhodocyclaceae,Uliginosibacterium
Bacteria,Proteobacteria,Betaproteobacteria,Rhodocyclales,Rhodocyclaceae,unclassified
Bacteria,Proteobacteria,Betaproteobacteria,Rhodocyclales,Rhodocyclaceae,Zoogloea
Bacteria,Proteobacteria,Betaproteobacteria,unclassified,,
Bacteria,Proteobacteria,Deltaproteobacteria,Bdellovibrionales,Bacteriovoracaceae,Bacteriovorax
Bacteria,Proteobacteria,Deltaproteobacteria,Bdellovibrionales,Bacteriovoracaceae,Peredibacter
Bacteria,Proteobacteria,Deltaproteobacteria,Bdellovibrionales,Bacteriovoracaceae,unclassified
Bacteria,Proteobacteria,Deltaproteobacteria,Bdellovibrionales,Bdellovibrionaceae,Bdellovibrio
Bacteria,Proteobacteria,Deltaproteobacteria,Desulfobacterales,Desulfobacteraceae,unclassified
Bacteria,Proteobacteria,Deltaproteobacteria,Desulfobacterales,Desulfobulbaceae,Desulfobulbus
Bacteria,Proteobacteria,Deltaproteobacteria,Desulfovibrionales,Desulfovibrionaceae,Desulfovibrio
Bacteria,Proteobacteria,Deltaproteobacteria,Desulfovibrionales,Desulfovibrionaceae,Lawsonia
Bacteria,Proteobacteria,Deltaproteobacteria,Desulfovibrionales,Desulfovibrionaceae,unclassified
Bacteria,Proteobacteria,Deltaproteobacteria,Desulfovibrionales,unclassified,
Bacteria,Proteobacteria,Deltaproteobacteria,Desulfuromonadales,Geobacteraceae,Geobacter
Bacteria,Proteobacteria,Deltaproteobacteria,Myxococcales,Cystobacteraceae,Anaeromyxobacter
Bacteria,Proteobacteria,Deltaproteobacteria,Myxococcales,Cystobacteraceae,Archangium
Bacteria,Proteobacteria,Deltaproteobacteria,Myxococcales,Cystobacteraceae,Cystobacter
Bacteria,Proteobacteria,Deltaproteobacteria,Myxococcales,Cystobacteraceae,unclassified
Bacteria,Proteobacteria,Deltaproteobacteria,Myxococcales,Kofleriaceae,Kofleria
Bacteria,Proteobacteria,Deltaproteobacteria,Myxococcales,Polyangiaceae,Sorangium
Bacteria,Proteobacteria,Deltaproteobacteria,Myxococcales,Polyangiaceae,unclassified
Bacteria,Proteobacteria,Deltaproteobacteria,Myxococcales,unclassified,
Bacteria,Proteobacteria,Deltaproteobacteria,unclassified,,
Bacteria,Proteobacteria,Epsilonproteobacteria,Campylobacterales,Campylobacteraceae,Arcobacter
Bacteria,Proteobacteria,Epsilonproteobacteria,Campylobacterales,Campylobacteraceae,Campylobacter
Bacteria,Proteobacteria,Epsilonproteobacteria,Campylobacterales,Campylobacteraceae,unclassified
Bacteria,Proteobacteria,Epsilonproteobacteria,Campylobacterales,Helicobacteraceae,Helicobacter
Bacteria,Proteobacteria,Epsilonproteobacteria,Campylobacterales,Helicobacteraceae,unclassified
Bacteria,Proteobacteria,Epsilonproteobacteria,Campylobacterales,Helicobacteraceae,Wolinella
Bacteria,Proteobacteria,Epsilonproteobacteria,Campylobacterales,unclassified,
Bacteria,Proteobacteria,Epsilonproteobacteria,unclassified,,
Bacteria,Proteobacteria,Gammaproteobacteria,Aeromonadales,Aeromonadaceae,Aeromonas
Bacteria,Proteobacteria,Gammaproteobacteria,Aeromonadales,Aeromonadaceae,Tolumonas
Bacteria,Proteobacteria,Gammaproteobacteria,Aeromonadales,Aeromonadaceae,unclassified
Bacteria,Proteobacteria,Gammaproteobacteria,Aeromonadales,Succinivibrionaceae,Anaerobiospirillum
Bacteria,Proteobacteria,Gammaproteobacteria,Aeromonadales,Succinivibrionaceae,Succinivibrio
Bacteria,Proteobacteria,Gammaproteobacteria,Alteromonadales,Alteromonadaceae,Alishewanella
Bacteria,Proteobacteria,Gammaproteobacteria,Alteromonadales,Psychromonadaceae,Psychromonas
Bacteria,Proteobacteria,Gammaproteobacteria,Alteromonadales,Shewanellaceae,Shewanella
Bacteria,Proteobacteria,Gammaproteobacteria,Cardiobacteriales,Cardiobacteriaceae,Cardiobacterium
Bacteria,Proteobacteria,Gammaproteobacteria,Cardiobacteriales,Cardiobacteriaceae,Suttonella
Bacteria,Proteobacteria,Gammaproteobacteria,Cardiobacteriales,Cardiobacteriaceae,unclassified
Bacteria,Proteobacteria,Gammaproteobacteria,Chromatiales,Chromatiaceae,Rheinheimera
Bacteria,Proteobacteria,Gammaproteobacteria,Enterobacteriales,Enterobacteriaceae,Buttiauxella
Bacteria,Proteobacteria,Gammaproteobacteria,Enterobacteriales,Enterobacteriaceae,Citrobacter
Bacteria,Proteobacteria,Gammaproteobacteria,Enterobacteriales,Enterobacteriaceae,Cronobacter
Bacteria,Proteobacteria,Gammaproteobacteria,Enterobacteriales,Enterobacteriaceae,Enterobacter
Bacteria,Proteobacteria,Gammaproteobacteria,Enterobacteriales,Enterobacteriaceae,Erwinia
Bacteria,Proteobacteria,Gammaproteobacteria,Enterobacteriales,Enterobacteriaceae,Escherichia/Shigella
Bacteria,Proteobacteria,Gammaproteobacteria,Enterobacteriales,Enterobacteriaceae,Klebsiella
Bacteria,Proteobacteria,Gammaproteobacteria,Enterobacteriales,Enterobacteriaceae,Kluyvera
Bacteria,Proteobacteria,Gammaproteobacteria,Enterobacteriales,Enterobacteriaceae,Morganella
Bacteria,Proteobacteria,Gammaproteobacteria,Enterobacteriales,Enterobacteriaceae,Obesumbacterium
Bacteria,Proteobacteria,Gammaproteobacteria,Enterobacteriales,Enterobacteriaceae,Pantoea
Bacteria,Proteobacteria,Gammaproteobacteria,Enterobacteriales,Enterobacteriaceae,Pectobacterium
Bacteria,Proteobacteria,Gammaproteobacteria,Enterobacteriales,Enterobacteriaceae,Proteus
Bacteria,Proteobacteria,Gammaproteobacteria,Enterobacteriales,Enterobacteriaceae,Providencia
Bacteria,Proteobacteria,Gammaproteobacteria,Enterobacteriales,Enterobacteriaceae,Raoultella
Bacteria,Proteobacteria,Gammaproteobacteria,Enterobacteriales,Enterobacteriaceae,Salmonella
Bacteria,Proteobacteria,Gammaproteobacteria,Enterobacteriales,Enterobacteriaceae,Serratia
Bacteria,Proteobacteria,Gammaproteobacteria,Enterobacteriales,Enterobacteriaceae,unclassified
Bacteria,Proteobacteria,Gammaproteobacteria,Enterobacteriales,Enterobacteriaceae,Yersinia
Bacteria,Proteobacteria,Gammaproteobacteria,Legionellales,Legionellaceae,Legionella
Bacteria,Proteobacteria,Gammaproteobacteria,Legionellales,Legionellaceae,unclassified
Bacteria,Proteobacteria,Gammaproteobacteria,Oceanospirillales,Halomonadaceae,Halomonas
Bacteria,Proteobacteria,Gammaproteobacteria,Oceanospirillales,Oceanospirillaceae,Marinomonas
Bacteria,Proteobacteria,Gammaproteobacteria,Pasteurellales,Pasteurellaceae,Actinobacillus
Bacteria,Proteobacteria,Gammaproteobacteria,Pasteurellales,Pasteurellaceae,Aggregatibacter
Bacteria,Proteobacteria,Gammaproteobacteria,Pasteurellales,Pasteurellaceae,Haemophilus
Bacteria,Proteobacteria,Gammaproteobacteria,Pasteurellales,Pasteurellaceae,Mannheimia
Bacteria,Proteobacteria,Gammaproteobacteria,Pasteurellales,Pasteurellaceae,Nicoletella
Bacteria,Proteobacteria,Gammaproteobacteria,Pasteurellales,Pasteurellaceae,Pasteurella
Bacteria,Proteobacteria,Gammaproteobacteria,Pasteurellales,Pasteurellaceae,Phocoenobacter
Bacteria,Proteobacteria,Gammaproteobacteria,Pasteurellales,Pasteurellaceae,unclassified
Bacteria,Proteobacteria,Gammaproteobacteria,Pseudomonadales,Moraxellaceae,Acinetobacter
Bacteria,Proteobacteria,Gammaproteobacteria,Pseudomonadales,Moraxellaceae,Alkanindiges
Bacteria,Proteobacteria,Gammaproteobacteria,Pseudomonadales,Moraxellaceae,Enhydrobacter
Bacteria,Proteobacteria,Gammaproteobacteria,Pseudomonadales,Moraxellaceae,Moraxella
Bacteria,Proteobacteria,Gammaproteobacteria,Pseudomonadales,Moraxellaceae,Psychrobacter
Bacteria,Proteobacteria,Gammaproteobacteria,Pseudomonadales,Moraxellaceae,unclassified
Bacteria,Proteobacteria,Gammaproteobacteria,Pseudomonadales,Pseudomonadaceae,Cellvibrio
Bacteria,Proteobacteria,Gammaproteobacteria,Pseudomonadales,Pseudomonadaceae,Pseudomonas
Bacteria,Proteobacteria,Gammaproteobacteria,Pseudomonadales,Pseudomonadaceae,unclassified
Bacteria,Proteobacteria,Gammaproteobacteria,Thiotrichales,Thiotrichaceae,Thiothrix
Bacteria,Proteobacteria,Gammaproteobacteria,unclassified,,
Bacteria,Proteobacteria,Gammaproteobacteria,Vibrionales,Vibrionaceae,Photobacterium
Bacteria,Proteobacteria,Gammaproteobacteria,Vibrionales,Vibrionaceae,Vibrio
Bacteria,Proteobacteria,Gammaproteobacteria,Xanthomonadales,Sinobacteraceae,Hydrocarboniphaga
Bacteria,Proteobacteria,Gammaproteobacteria,Xanthomonadales,Sinobacteraceae,Nevskia
Bacteria,Proteobacteria,Gammaproteobacteria,Xanthomonadales,Sinobacteraceae,Steroidobacter
Bacteria,Proteobacteria,Gammaproteobacteria,Xanthomonadales,Sinobacteraceae,unclassified
Bacteria,Proteobacteria,Gammaproteobacteria,Xanthomonadales,unclassified,
Bacteria,Proteobacteria,Gammaproteobacteria,Xanthomonadales,Xanthomonadaceae,Dokdonella
Bacteria,Proteobacteria,Gammaproteobacteria,Xanthomonadales,Xanthomonadaceae,Dyella
Bacteria,Proteobacteria,Gammaproteobacteria,Xanthomonadales,Xanthomonadaceae,Ignatzschineria
Bacteria,Proteobacteria,Gammaproteobacteria,Xanthomonadales,Xanthomonadaceae,Luteimonas
Bacteria,Proteobacteria,Gammaproteobacteria,Xanthomonadales,Xanthomonadaceae,Lysobacter
Bacteria,Proteobacteria,Gammaproteobacteria,Xanthomonadales,Xanthomonadaceae,Pseudoxanthomonas
Bacteria,Proteobacteria,Gammaproteobacteria,Xanthomonadales,Xanthomonadaceae,Rhodanobacter
Bacteria,Proteobacteria,Gammaproteobacteria,Xanthomonadales,Xanthomonadaceae,Stenotrophomonas
Bacteria,Proteobacteria,Gammaproteobacteria,Xanthomonadales,Xanthomonadaceae,Thermomonas
Bacteria,Proteobacteria,Gammaproteobacteria,Xanthomonadales,Xanthomonadaceae,unclassified
Bacteria,Proteobacteria,Gammaproteobacteria,Xanthomonadales,Xanthomonadaceae,Wohlfahrtiimonas
Bacteria,Proteobacteria,Gammaproteobacteria,Xanthomonadales,Xanthomonadaceae,Xanthomonas
Bacteria,Proteobacteria,unclassified,,,
Bacteria,Spirochaetes,Spirochaetes,Spirochaetales,Brachyspiraceae,Brachyspira
Bacteria,Spirochaetes,Spirochaetes,Spirochaetales,Spirochaetaceae,Treponema
Bacteria,Spirochaetes,Spirochaetes,Spirochaetales,Spirochaetaceae,unclassified
Bacteria,Spirochaetes,Spirochaetes,Spirochaetales,unclassified,
Bacteria,SR1,SR1_genera_incertae_sedis,unclassified,,
Bacteria,Synergistetes,Synergistia,Synergistales,Synergistaceae,Cloacibacillus
Bacteria,Synergistetes,Synergistia,Synergistales,Synergistaceae,Jonquetella
Bacteria,Synergistetes,Synergistia,Synergistales,Synergistaceae,Pyramidobacter
Bacteria,Synergistetes,Synergistia,Synergistales,Synergistaceae,Thermovirga
Bacteria,Synergistetes,Synergistia,Synergistales,Synergistaceae,unclassified
Bacteria,Tenericutes,Mollicutes,Acholeplasmatales,Acholeplasmataceae,Acholeplasma
Bacteria,Tenericutes,Mollicutes,Anaeroplasmatales,Anaeroplasmataceae,Anaeroplasma
Bacteria,Tenericutes,Mollicutes,Anaeroplasmatales,Anaeroplasmataceae,Asteroleplasma
Bacteria,Tenericutes,Mollicutes,Mycoplasmatales,Mycoplasmataceae,Mycoplasma
Bacteria,Tenericutes,Mollicutes,Mycoplasmatales,Mycoplasmataceae,Ureaplasma
Bacteria,Tenericutes,Mollicutes,unclassified,,
Bacteria,TM7,TM7_genera_incertae_sedis,unclassified,,
Bacteria,unclassified,,,,
Bacteria,Verrucomicrobia,Opitutae,Opitutales,Opitutaceae,Opitutus
Bacteria,Verrucomicrobia,Opitutae,Puniceicoccales,Puniceicoccaceae,Coraliomargarita
Bacteria,Verrucomicrobia,Opitutae,Puniceicoccales,Puniceicoccaceae,unclassified
Bacteria,Verrucomicrobia,Opitutae,unclassified,,
Bacteria,Verrucomicrobia,Spartobacteria,Spartobacteria_genera_incertae_sedis,unclassified,
Bacteria,Verrucomicrobia,Subdivision3,Subdivision3_genera_incertae_sedis,unclassified,
Bacteria,Verrucomicrobia,unclassified,,,
Bacteria,Verrucomicrobia,Verrucomicrobiae,Verrucomicrobiales,Verrucomicrobiaceae,Akkermansia
Bacteria,Verrucomicrobia,Verrucomicrobiae,Verrucomicrobiales,Verrucomicrobiaceae,Luteolibacter
Bacteria,Verrucomicrobia,Verrucomicrobiae,Verrucomicrobiales,Verrucomicrobiaceae,Prosthecobacter
Bacteria,Verrucomicrobia,Verrucomicrobiae,Verrucomicrobiales,Verrucomicrobiaceae,unclassified
Bacteria,Verrucomicrobia,Verrucomicrobiae,Verrucomicrobiales,Verrucomicrobiaceae,Verrucomicrobium
unclassified,,,,,
